"ZCTA","NAME","LSAD","STATE","COUNTY","new_constructions","existing_constructions","new_existing_constructions_ratio","share_single_family_new_constructions","total_single_family_households_since_2000","total_single_family_households","CENSUSAREA","zcta_area","intersected_area","percent_intersected_area","brks"
"20109","Manassas","city",51,"683",2140,10949,0.2,0.5,1061,7340,9.881,53259552.8967605,94781.0026141405,0.00177960567558399,"12036"
"20110","Manassas","city",51,"683",1692,12289,0.14,0.66,1118,10256,9.881,32848976.9884208,25526980.8689419,0.77710124360768,"1942"
"20111","Manassas","city",51,"683",2188,7706,0.28,0.57,1244,8285,9.881,43187325.9312187,40782.2830505017,0.000944311373097113,"12036"
"20112","Manassas","city",51,"683",2184,5741,0.38,1,2178,7885,9.881,102604482.941789,51672.8909744944,0.000503612410422751,"12036"
"20136","Manassas","city",51,"683",6340,2333,2.72,0.99,6269,8511,9.881,38577440.6440332,9895.0376323089,0.000256498032713307,"12036"
